@@,itemlabel,item,psid
+++,ALOUMBA Alexandre,,
+++,AMBETO Blaise,,
+++,AYESSA Firmin,,
+++,BADIABIO Joseph,,
+++,BAMBI GOMA Gerald Lone,,
+++,BATCHI Gabriel,,
+++,BATI Benoit,,
+++,BAYENDISSA Brice Dimitri,,
+++,BIDIE BIAMBEMBA Placide Helb,,
+++,BIDOUNGA Alphonse,,
+++,BISSOUTA MABONDA Alois Devic,,
+++,BIYOT Jean Bruno,,
+++,BOKOUMAKA Gabriel,,
+++,BONGOUAMBE MOLOBO Baccer,,
+++,BOUDZIKA Bonaventure,,
+++,BOUTI-VIAUDO Roland,,
+++,BOUYA Jean Jacques,,
+++,CHISSO Adélaïde Rufine,,
+++,COUSSOUD-MAVOUNGOU Martin Parfait Aimé,,
+++,DILOU NGOMA Samuel,,
+++,DOLAMA Virginie Euphrasie,,
+++,DOUKAGA Destinée Hermella,,
+++,EBINA José Cyr Adélard,,
+++,ELENGA Faustin,,
+++,FOLLO Isaac Raymond,,
+++,FYLLA SAINT-EUDES Nicéphore Antoine,,
+++,GALIBALI Ghyslain Millet,,
+++,GASSACKYS Ferrol Constant Patrick,,
+++,GOUAMBA Ninon Pachel,,
---,Guy Brice Parfait Kolélas,Q3121597,Q3121597-8661daa0-43df-1995-1133-86c6a78d3e75
+++,HOBIE Thierry,,
+++,IBARA NDELI Felix,,
+++,IBOMBO Jean Pierre,,
+++,IBOVI Jean Claude,,
+++,IKEMOU Théodore,,
+++,ITOUA Bruno Jean Richard,,
+++,KABA VELE née MPAN Suzanne,,
+++,KALLA Marcel,,
+++,KANDO Jean François,,
+++,KANGA Jean Bruno,,
+++,KIBOZI Régis Joseph,,
+++,KOULOUMBOU Marie Jeanne,,
+++,KOUMBA Justin,,
+++,KOURISSA Jean De Dieu,,
+++,LALISSINI BIKINDOU Justice,,
+++,LEMBOUMBA née IKIA SASSOU-NGUESSO Claudia,,
+++,LEYINDA Pascal Alain,,
+++,LISSOUBA Jeremih Sylvain,,
+++,LITENGO KONGO Simon,,
+++,MABIALA Alexandre,,
+++,MABIALA Pierre,,
+++,MAKOSSO Christian Ernest,,
+++,MALONGA Nicolas Jean Jacques,,
+++,MAMBOUO née SITA Olga Clarisse,,
+++,MAMONA Ferdinand,,
+++,MANIA Venance,,
+++,MATOMBE Paul,,
+++,MATSIMA KIMBEMBE Préference,,
+++,MAVOUNGOU Jean Antoine,,
+++,MAVOUNGOU Maurice,,
+++,MBANI Jean Valère,,
+++,MBANI Marcel,,
+++,MBANZOULOU Eugene,,
+++,MBOSSA Joseph,,
+++,MBOULOU Raymond Zéphirin,,
+++,MBOUMA Albert,,
+++,MBOUSSI NGOUARI Michel,,
+++,MENSAH née SASSOU NGUESSO,,
+++,MIHAMBOU Josué,,
+++,MINDA Pierre Christian,,
+++,MOBONDZO ENDZONGA Marien,,
+++,MOKA Alain,,
+++,MOKEMO Zacharie,,
+++,MONDELE Juste Désiré,,
+++,MOUAGNI Aimé Hydevert,,
+++,MOUAMBA Clément,,
+++,MOUANDA Jean Jacques,,
+++,MOUANDZA Pierre,,
+++,MOUELE Serge Hubert,,
+++,MOUHOUMOUNOU David Benoit,,
+++,MOUSSODIA Jean Didace Médard,,
+++,NDIKI MAMPAKA Christophe,,
+++,NDINGA MAKANDA Accel Arnaud,,
+++,NDOUANE DAMBERT René,,
+++,NDOUNA François,,
+++,NGABELET Auguste,,
+++,NGAMBILI IBAM Bersol Exaucé,,
+++,NGANFOUOMO Charles,,
+++,NGATSELE Alphonse,,
+++,NGOKANA Denis Auguste Marie,,
+++,NGOUELONDELE Hugues,,
+++,NGOULA Antoine,,
+++,NGOULOU Boniface,,
+++,NGOUONIMBA Josué Rodrigue,,
+++,NGOZOK MISSEKA Golfe,,
+++,NIANGA Blandine,,
+++,NKODIA KYND Gaétan,,
+++,NKOUKA Jean,,
+++,NKOUNKA MANANGA YOGO Marianne,,
+++,NYANGA ELENGA André,,
+++,NZOMONO Macaire,,
+++,N’DINGA Alexis,,
+++,N’GOMA MBOUKOU Ulriche,,
+++,OBAM ONDON Antoine Bienaimé,,
+++,OBAMBI Pierre,,
+++,OKOUENI Michel,,
+++,OMINGA Maixent Raoul,,
+++,ONDELE jaurès,,
+++,ONDONGO Evariste,,
+++,ONDONGO Gilbert,,
+++,ONDZE Dominique,,
+++,ONDZE née NGAMBOLO Bernadette,,
+++,OPIMBAT Léon Alfred,,
+++,OPIMBAT née MBOUNDZA MOKE EKOTIKAMBI Charlotte,,
+++,OTOKA Oscar,,
+++,OTSALEYOUA Saturnin,,
+++,OWASSA YAUCKA Abel Jo,,
+++,OYO EMBOUNOU Jules Junior Romy,,
+++,PAMBOU Germaine,,
+++,SABAYE Fernand,,
+++,SAMBA Sylvain,,
+++,SASSOU-NGUESSO Denis Christel,,
+++,SAYI Honoré,,
+++,SEKO Hyppolite,,
+++,SOUNDA Jean Aimé,,
+++,SYBALI Jean,,
+++,TCHIGNOUMBA MBOUMBA Gilbert Paul,,
+++,TENGO Laurent,,
+++,THYSTERE TCHIKAYA Jean Marc,,
+++,TIELE GAMBIA OLOU Antoinette,,
+++,TONO Marie Louise,,
+++,TSALISSAN OKOMBI Digne Elvis,,
+++,TSIBA Jean Appolinaire,,
+++,TSOUMOU MOUKASSA Adrien,,
+++,TSOUMOU Yves,,
+++,ZAMBA Bienvenu Victor,,
+++,ZONIABA AYIMESSONE Henri,,
